{
  "variants": {
    "axis=x": [
      {
        "model": "minecraft:block/deepslate",
        "x": 0,
        "y": 90
      },
      {
        "model": "minecraft:block/deepslate_mirrored",
        "x": 0,
        "y": 90
      },
      {
        "model": "minecraft:block/deepslate",
        "y": 90,
        "x": 0
      },
      {
        "model": "minecraft:block/deepslate_mirrored",
        "y": 90,
        "x": 0
      }
    ],
    "axis=y": [
        {
        "model": "minecraft:block/deepslate",
        "x": 0,
        "y": 90
      },
      {
        "model": "minecraft:block/deepslate_mirrored",
        "x": 0,
        "y": 90
      },
      {
        "model": "minecraft:block/deepslate",
        "y": 90,
        "x": 0
      },
      {
        "model": "minecraft:block/deepslate_mirrored",
        "y": 90,
        "x": 0
      }
    ],
    "axis=z": [
        {
        "model": "minecraft:block/deepslate",
        "x": 0,
        "y": 90
      },
      {
        "model": "minecraft:block/deepslate_mirrored",
        "x": 0,
        "y": 90
      },
      {
        "model": "minecraft:block/deepslate",
        "y": 90,
        "x": 0
      },
      {
        "model": "minecraft:block/deepslate_mirrored",
        "y": 90,
        "x": 0
      }
    ]
  }
}